{"WA": 68.7, "DE": 110.7, "DC": 117.30000000000001, "WI": 106.19999999999999, "WV": 79.7, "HI": 331.2, "FL": 101.89999999999999, "WY": 74.9, "NH": 143.3, "NJ": 137.20000000000002, "NM": 91.30000000000001, "TX": 87.5, "LA": 79.2, "NC": 90.1, "ND": 83.5, "NE": 86.0, "TN": 91.8, "NY": 152.20000000000002, "PA": 97.10000000000001, "AK": 167.60000000000002, "NV": 87.10000000000001, "VA": 89.60000000000001, "CO": 97.4, "CA": 144.60000000000002, "AL": 90.7, "AR": 78.4, "VT": 146.7, "IL": 81.19999999999999, "GA": 96.19999999999999, "IN": 86.4, "IA": 78.89999999999999, "MA": 141.8, "AZ": 103.9, "ID": 73.7, "CT": 156.0, "ME": 113.80000000000001, "MD": 114.60000000000001, "OK": 80.60000000000001, "OH": 91.7, "UT": 82.8, "MO": 94.1, "MN": 96.0, "MI": 114.1, "RI": 136.7, "KS": 97.10000000000001, "MT": 85.8, "MS": 91.6, "SC": 90.5, "KY": 74.1, "OR": 82.5, "SD": 88.5}